time,house,tenant,duration,mean,ci_low,ci_high
20.0,55940 Herrera Lane Apt. 849,Jeffrey,7.0,7.0,7.0,7.0
40.0,33890 Jennifer Squares,Joshua,15.0,15.8,11.9,20.119999999999983
40.0,55940 Herrera Lane Apt. 849,Angel,16.0,15.8,11.9,20.119999999999983
30.0,310 Kendra Common Apt. 164,Jill,10.0,10.0,10.0,10.0
40.0,79402 Peterson Drives Apt. 511,Jeffrey,9.0,15.8,11.9,20.119999999999983
40.0,33890 Jennifer Squares,Erica,6.0,15.8,11.9,20.119999999999983
60.0,310 Kendra Common Apt. 164,Joshua,22.0,15.0,13.2,16.2
60.0,43321 Brittany Bypass,Jill,21.0,15.0,13.2,16.2
60.0,55940 Herrera Lane Apt. 849,Jeffrey,15.0,15.0,13.2,16.2
60.0,33890 Jennifer Squares,Patricia,15.0,15.0,13.2,16.2
60.0,79402 Peterson Drives Apt. 511,Christopher,12.0,15.0,13.2,16.2
70.0,79402 Peterson Drives Apt. 511,Erica,14.0,12.2,10.866666666666665,13.833333333333332
70.0,55940 Herrera Lane Apt. 849,Angel,7.0,12.2,10.866666666666665,13.833333333333332
80.0,310 Kendra Common Apt. 164,Christopher,20.0,15.26666666666667,10.933333333333334,19.6
80.0,33890 Jennifer Squares,Jeffrey,22.0,15.26666666666667,10.933333333333334,19.6
80.0,43321 Brittany Bypass,Patricia,20.0,15.26666666666667,10.933333333333334,19.6
90.0,55940 Herrera Lane Apt. 849,Angel,23.0,15.366666666666669,12.315833333333334,19.287499999999998
100.0,79402 Peterson Drives Apt. 511,Joshua,23.0,16.95,14.42125,19.42625
100.0,310 Kendra Common Apt. 164,Jill,20.0,16.95,14.42125,19.42625
110.0,33890 Jennifer Squares,Christopher,23.0,15.466666666666665,12.333333333333334,18.27
110.0,43321 Brittany Bypass,Patricia,18.0,15.466666666666665,12.333333333333334,18.27
110.0,55940 Herrera Lane Apt. 849,Jeffrey,19.0,15.466666666666665,12.333333333333334,18.27
120.0,79402 Peterson Drives Apt. 511,Angel,18.0,13.516666666666666,10.3,17.15
130.0,43321 Brittany Bypass,Joshua,20.0,13.663333333333332,12.129583333333333,15.816666666666666
120.0,310 Kendra Common Apt. 164,Patricia,9.0,13.516666666666666,10.3,17.15
120.0,33890 Jennifer Squares,James,6.0,13.516666666666666,10.3,17.15
120.0,55940 Herrera Lane Apt. 849,Christopher,6.0,13.516666666666666,10.3,17.15
140.0,33890 Jennifer Squares,James,23.0,13.5,11.6,15.552499999999997
130.0,310 Kendra Common Apt. 164,Jill,11.0,13.663333333333332,12.129583333333333,15.816666666666666
130.0,79402 Peterson Drives Apt. 511,Christopher,9.0,13.663333333333332,12.129583333333333,15.816666666666666
140.0,55940 Herrera Lane Apt. 849,Jeffrey,20.0,13.5,11.6,15.552499999999997
140.0,43321 Brittany Bypass,Patricia,10.0,13.5,11.6,15.552499999999997
140.0,310 Kendra Common Apt. 164,Amy,13.0,13.5,11.6,15.552499999999997
150.0,79402 Peterson Drives Apt. 511,Joshua,13.0,14.15,10.95,17.0525
160.0,43321 Brittany Bypass,James,16.0,14.4,11.333333333333332,17.266666666666666
150.0,33890 Jennifer Squares,Jeffrey,10.0,14.15,10.95,17.0525
150.0,55940 Herrera Lane Apt. 849,Christopher,6.0,14.15,10.95,17.0525
150.0,310 Kendra Common Apt. 164,Patricia,6.0,14.15,10.95,17.0525
170.0,79402 Peterson Drives Apt. 511,Amy,18.0,15.65,14.816666666666666,16.584166666666665
170.0,310 Kendra Common Apt. 164,Jill,16.0,15.65,14.816666666666666,16.584166666666665
180.0,55940 Herrera Lane Apt. 849,Christopher,24.0,16.12333333333333,13.679999999999998,18.55875
160.0,33890 Jennifer Squares,Jeffrey,6.0,14.4,11.333333333333332,17.266666666666666
180.0,43321 Brittany Bypass,James,23.0,16.12333333333333,13.679999999999998,18.55875
170.0,33890 Jennifer Squares,Jeffrey,9.0,15.65,14.816666666666666,16.584166666666665
180.0,79402 Peterson Drives Apt. 511,Linda,9.0,16.12333333333333,13.679999999999998,18.55875
180.0,310 Kendra Common Apt. 164,Patricia,13.0,16.12333333333333,13.679999999999998,18.55875
200.0,33890 Jennifer Squares,Jeffrey,24.0,14.716666666666665,12.783333333333331,17.6
190.0,79402 Peterson Drives Apt. 511,Amy,13.0,14.05,11.666666666666668,16.683333333333334
200.0,55940 Herrera Lane Apt. 849,Lisa,22.0,14.716666666666665,12.783333333333331,17.6
200.0,43321 Brittany Bypass,Helen,13.0,14.716666666666665,12.783333333333331,17.6
200.0,310 Kendra Common Apt. 164,Linda,15.0,14.716666666666665,12.783333333333331,17.6
200.0,79402 Peterson Drives Apt. 511,James,11.0,14.716666666666665,12.783333333333331,17.6
200.0,43321 Brittany Bypass,Amy,7.0,14.716666666666665,12.783333333333331,17.6
220.0,33890 Jennifer Squares,Jeffrey,23.0,15.933333333333334,13.2,17.852499999999996
210.0,55940 Herrera Lane Apt. 849,Patricia,11.0,13.0,11.473749999999999,14.7
220.0,310 Kendra Common Apt. 164,Jill,24.0,15.933333333333334,13.2,17.852499999999996
230.0,43321 Brittany Bypass,James,23.0,16.85,14.25,20.2
220.0,79402 Peterson Drives Apt. 511,Amy,16.0,15.933333333333334,13.2,17.852499999999996
220.0,55940 Herrera Lane Apt. 849,Helen,9.0,15.933333333333334,13.2,17.852499999999996
240.0,33890 Jennifer Squares,Linda,14.0,13.35,11.489999999999998,14.725750000000001
240.0,55940 Herrera Lane Apt. 849,Jeffrey,15.0,13.35,11.489999999999998,14.725750000000001
250.0,79402 Peterson Drives Apt. 511,Matthew,22.0,14.353333333333333,12.9,16.044500000000003
240.0,310 Kendra Common Apt. 164,Lisa,9.0,13.35,11.489999999999998,14.725750000000001
240.0,43321 Brittany Bypass,Patricia,7.0,13.35,11.489999999999998,14.725750000000001
250.0,33890 Jennifer Squares,Amy,14.0,14.353333333333333,12.9,16.044500000000003
250.0,310 Kendra Common Apt. 164,James,11.0,14.353333333333333,12.9,16.044500000000003
240.0,43321 Brittany Bypass,Susan,7.0,13.35,11.489999999999998,14.725750000000001
250.0,55940 Herrera Lane Apt. 849,Helen,14.0,14.353333333333333,12.9,16.044500000000003
270.0,43321 Brittany Bypass,Jeffrey,22.0,14.416666666666666,13.616666666666665,15.216666666666665
250.0,79402 Peterson Drives Apt. 511,Linda,7.0,14.353333333333333,12.9,16.044500000000003
260.0,310 Kendra Common Apt. 164,Patricia,14.0,14.3,12.2,16.2
270.0,33890 Jennifer Squares,James,13.0,14.416666666666666,13.616666666666665,15.216666666666665
280.0,55940 Herrera Lane Apt. 849,Susan,24.0,11.93,8.219,14.77
270.0,79402 Peterson Drives Apt. 511,Lisa,12.0,14.416666666666666,13.616666666666665,15.216666666666665
280.0,310 Kendra Common Apt. 164,Amy,14.0,11.93,8.219,14.77
280.0,33890 Jennifer Squares,Matthew,15.0,11.93,8.219,14.77
290.0,79402 Peterson Drives Apt. 511,Linda,18.0,14.186666666666667,12.253333333333334,16.119999999999997
280.0,43321 Brittany Bypass,James,10.0,11.93,8.219,14.77
280.0,310 Kendra Common Apt. 164,Jeffrey,6.0,11.93,8.219,14.77
290.0,55940 Herrera Lane Apt. 849,Helen,9.0,14.186666666666667,12.253333333333334,16.119999999999997
290.0,43321 Brittany Bypass,James,10.0,14.186666666666667,12.253333333333334,16.119999999999997
300.0,33890 Jennifer Squares,Cassandra,18.0,13.48333333333333,11.55,14.666666666666666
300.0,310 Kendra Common Apt. 164,Jeffrey,13.0,13.48333333333333,11.55,14.666666666666666
300.0,55940 Herrera Lane Apt. 849,Amy,13.0,13.48333333333333,11.55,14.666666666666666
310.0,79402 Peterson Drives Apt. 511,Patricia,15.0,14.183333333333332,12.333333333333332,16.05
310.0,43321 Brittany Bypass,Matthew,21.0,14.183333333333332,12.333333333333332,16.05
310.0,310 Kendra Common Apt. 164,James,8.0,14.183333333333332,12.333333333333332,16.05
320.0,33890 Jennifer Squares,Melanie,13.0,12.233333333333333,10.266666666666666,14.283333333333331
310.0,55940 Herrera Lane Apt. 849,Lisa,8.0,14.183333333333332,12.333333333333332,16.05
320.0,79402 Peterson Drives Apt. 511,Jeffrey,13.0,12.233333333333333,10.266666666666666,14.283333333333331
320.0,310 Kendra Common Apt. 164,Cassandra,7.0,12.233333333333333,10.266666666666666,14.283333333333331
320.0,55940 Herrera Lane Apt. 849,Amy,9.0,12.233333333333333,10.266666666666666,14.283333333333331
330.0,43321 Brittany Bypass,James,12.0,13.633333333333335,11.133333333333333,16.43333333333333
330.0,33890 Jennifer Squares,Linda,10.0,13.633333333333335,11.133333333333333,16.43333333333333
340.0,310 Kendra Common Apt. 164,Cassandra,21.0,13.113333333333333,11.239999999999998,14.6
340.0,79402 Peterson Drives Apt. 511,Susan,15.0,13.113333333333333,11.239999999999998,14.6
340.0,55940 Herrera Lane Apt. 849,Jeffrey,10.0,13.113333333333333,11.239999999999998,14.6
350.0,43321 Brittany Bypass,Amy,21.0,15.683333333333334,14.5,16.919166666666666
340.0,33890 Jennifer Squares,James,12.0,13.113333333333333,11.239999999999998,14.6
350.0,55940 Herrera Lane Apt. 849,Matthew,13.0,15.683333333333334,14.5,16.919166666666666
350.0,79402 Peterson Drives Apt. 511,Linda,12.0,15.683333333333334,14.5,16.919166666666666
350.0,310 Kendra Common Apt. 164,Jeffrey,11.0,15.683333333333334,14.5,16.919166666666666
360.0,33890 Jennifer Squares,Patricia,17.0,12.450000000000001,10.286000000000001,14.301999999999998
370.0,43321 Brittany Bypass,James,15.0,12.233333333333333,9.4,15.066666666666666
360.0,55940 Herrera Lane Apt. 849,Cassandra,8.0,12.450000000000001,10.286000000000001,14.301999999999998
370.0,79402 Peterson Drives Apt. 511,Melanie,16.0,12.233333333333333,9.4,15.066666666666666
360.0,310 Kendra Common Apt. 164,Nicholas,7.0,12.450000000000001,10.286000000000001,14.301999999999998
370.0,55940 Herrera Lane Apt. 849,Jeffrey,7.0,12.233333333333333,9.4,15.066666666666666
380.0,310 Kendra Common Apt. 164,Cassandra,20.0,14.033333333333335,12.6,15.466666666666665
380.0,33890 Jennifer Squares,Lisa,13.0,14.033333333333335,12.6,15.466666666666665
380.0,43321 Brittany Bypass,Amy,11.0,14.033333333333335,12.6,15.466666666666665
380.0,55940 Herrera Lane Apt. 849,Matthew,14.0,14.033333333333335,12.6,15.466666666666665
380.0,79402 Peterson Drives Apt. 511,Jeffrey,7.0,14.033333333333335,12.6,15.466666666666665
380.0,33890 Jennifer Squares,Michelle,6.0,14.033333333333335,12.6,15.466666666666665
390.0,79402 Peterson Drives Apt. 511,Linda,9.0,12.433333333333334,9.1,15.333333333333332
390.0,43321 Brittany Bypass,James,13.0,12.433333333333334,9.1,15.333333333333332
400.0,310 Kendra Common Apt. 164,Jeffrey,22.0,14.6,13.0,16.554999999999993
390.0,33890 Jennifer Squares,Nicholas,9.0,12.433333333333334,9.1,15.333333333333332
400.0,55940 Herrera Lane Apt. 849,Susan,18.0,14.6,13.0,16.554999999999993
400.0,79402 Peterson Drives Apt. 511,Amy,11.0,14.6,13.0,16.554999999999993
400.0,33890 Jennifer Squares,Cassandra,11.0,14.6,13.0,16.554999999999993
400.0,43321 Brittany Bypass,Michelle,8.0,14.6,13.0,16.554999999999993
410.0,79402 Peterson Drives Apt. 511,Patricia,9.0,13.8,11.27375,15.988749999999987
410.0,55940 Herrera Lane Apt. 849,James,10.0,13.8,11.27375,15.988749999999987
420.0,310 Kendra Common Apt. 164,Linda,10.0,15.166666666666666,12.866666666666665,18.250833333333333
420.0,43321 Brittany Bypass,Matthew,19.0,15.166666666666666,12.866666666666665,18.250833333333333
430.0,33890 Jennifer Squares,Cassandra,20.0,14.4,12.2,15.73333333333333
420.0,79402 Peterson Drives Apt. 511,Melanie,13.0,15.166666666666666,12.866666666666665,18.250833333333333
420.0,55940 Herrera Lane Apt. 849,Amy,8.0,15.166666666666666,12.866666666666665,18.250833333333333
430.0,310 Kendra Common Apt. 164,Jeffrey,17.0,14.4,12.2,15.73333333333333
440.0,55940 Herrera Lane Apt. 849,James,18.0,14.866666666666669,11.974583333333333,18.85
430.0,79402 Peterson Drives Apt. 511,Nicholas,9.0,14.4,12.2,15.73333333333333
440.0,43321 Brittany Bypass,Michelle,13.0,14.866666666666669,11.974583333333333,18.85
450.0,33890 Jennifer Squares,Lisa,21.0,16.066666666666666,14.666666666666666,17.934999999999995
450.0,310 Kendra Common Apt. 164,Amy,16.0,16.066666666666666,14.666666666666666,17.934999999999995
440.0,79402 Peterson Drives Apt. 511,Linda,6.0,14.866666666666669,11.974583333333333,18.85
460.0,43321 Brittany Bypass,Cassandra,17.0,14.66,12.44,16.7
460.0,79402 Peterson Drives Apt. 511,Patricia,15.0,14.66,12.44,16.7
450.0,55940 Herrera Lane Apt. 849,Jeffrey,8.0,16.066666666666666,14.666666666666666,17.934999999999995
460.0,33890 Jennifer Squares,Craig,12.0,14.66,12.44,16.7
460.0,310 Kendra Common Apt. 164,Linda,7.0,14.66,12.44,16.7
470.0,55940 Herrera Lane Apt. 849,James,17.0,15.15,11.67375,18.35
460.0,43321 Brittany Bypass,Jeffrey,6.0,14.66,12.44,16.7
470.0,79402 Peterson Drives Apt. 511,Susan,13.0,15.15,11.67375,18.35
480.0,310 Kendra Common Apt. 164,Cassandra,16.0,12.166666666666666,10.799999999999999,13.7
480.0,43321 Brittany Bypass,Nicholas,14.0,12.166666666666666,10.799999999999999,13.7
490.0,33890 Jennifer Squares,Amy,22.0,15.25,13.5,17.0
490.0,79402 Peterson Drives Apt. 511,Jeffrey,20.0,15.25,13.5,17.0
490.0,55940 Herrera Lane Apt. 849,Michelle,13.0,15.25,13.5,17.0
490.0,310 Kendra Common Apt. 164,Linda,11.0,15.25,13.5,17.0
500.0,43321 Brittany Bypass,James,16.0,14.333333333333332,12.0,16.666666666666664
500.0,55940 Herrera Lane Apt. 849,Craig,7.0,14.333333333333332,12.0,16.666666666666664
40.0,3287 Katelyn Wall Apt. 226,Chelsea,19.0,15.8,11.9,20.119999999999983
50.0,525 Clark Grove Apt. 928,George,24.0,13.25,8.0,18.5
50.0,05641 Robin Port,Sharon,13.0,13.25,8.0,18.5
60.0,3287 Katelyn Wall Apt. 226,Jessica,16.0,15.0,13.2,16.2
70.0,76483 Cameron Trail,Chelsea,24.0,12.2,10.866666666666665,13.833333333333332
60.0,76724 John Points Suite 969,Noah,8.0,15.0,13.2,16.2
60.0,05641 Robin Port,Deborah,12.0,15.0,13.2,16.2
70.0,525 Clark Grove Apt. 928,George,11.0,12.2,10.866666666666665,13.833333333333332
70.0,76724 John Points Suite 969,Frank,10.0,12.2,10.866666666666665,13.833333333333332
70.0,3287 Katelyn Wall Apt. 226,Noah,9.0,12.2,10.866666666666665,13.833333333333332
80.0,05641 Robin Port,Jessica,13.0,15.26666666666667,10.933333333333334,19.6
70.0,525 Clark Grove Apt. 928,George,6.0,12.2,10.866666666666665,13.833333333333332
90.0,76483 Cameron Trail,Chelsea,20.0,15.366666666666669,12.315833333333334,19.287499999999998
90.0,525 Clark Grove Apt. 928,George,15.0,15.366666666666669,12.315833333333334,19.287499999999998
80.0,76724 John Points Suite 969,Sharon,8.0,15.26666666666667,10.933333333333334,19.6
100.0,3287 Katelyn Wall Apt. 226,Danielle,24.0,16.95,14.42125,19.42625
90.0,05641 Robin Port,Frank,10.0,15.366666666666669,12.315833333333334,19.287499999999998
110.0,76724 John Points Suite 969,Noah,23.0,15.466666666666665,12.333333333333334,18.27
100.0,525 Clark Grove Apt. 928,Angela,7.0,16.95,14.42125,19.42625
100.0,05641 Robin Port,George,11.0,16.95,14.42125,19.42625
100.0,76483 Cameron Trail,Chelsea,13.0,16.95,14.42125,19.42625
110.0,525 Clark Grove Apt. 928,Angela,15.0,15.466666666666665,12.333333333333334,18.27
120.0,3287 Katelyn Wall Apt. 226,Danielle,18.0,13.516666666666666,10.3,17.15
110.0,05641 Robin Port,Megan,11.0,15.466666666666665,12.333333333333334,18.27
120.0,76483 Cameron Trail,Sharon,15.0,13.516666666666666,10.3,17.15
130.0,76724 John Points Suite 969,George,21.0,13.663333333333332,12.129583333333333,15.816666666666666
130.0,525 Clark Grove Apt. 928,Angela,13.0,13.663333333333332,12.129583333333333,15.816666666666666
120.0,05641 Robin Port,Chelsea,6.0,13.516666666666666,10.3,17.15
130.0,3287 Katelyn Wall Apt. 226,Megan,7.0,13.663333333333332,12.129583333333333,15.816666666666666
130.0,76483 Cameron Trail,Danielle,7.0,13.663333333333332,12.129583333333333,15.816666666666666
130.0,05641 Robin Port,Jeremy,9.0,13.663333333333332,12.129583333333333,15.816666666666666
150.0,525 Clark Grove Apt. 928,Angela,20.0,14.15,10.95,17.0525
140.0,3287 Katelyn Wall Apt. 226,Chelsea,9.0,13.5,11.6,15.552499999999997
150.0,76724 John Points Suite 969,Kimberly,24.0,14.15,10.95,17.0525
150.0,76483 Cameron Trail,Danielle,17.0,14.15,10.95,17.0525
140.0,05641 Robin Port,Megan,11.0,13.5,11.6,15.552499999999997
150.0,3287 Katelyn Wall Apt. 226,Jeremy,13.0,14.15,10.95,17.0525
160.0,05641 Robin Port,Joseph,12.0,14.4,11.333333333333332,17.266666666666666
170.0,76483 Cameron Trail,George,23.0,15.65,14.816666666666666,16.584166666666665
160.0,525 Clark Grove Apt. 928,Danielle,13.0,14.4,11.333333333333332,17.266666666666666
170.0,76724 John Points Suite 969,Jeremy,16.0,15.65,14.816666666666666,16.584166666666665
170.0,3287 Katelyn Wall Apt. 226,Leslie,14.0,15.65,14.816666666666666,16.584166666666665
160.0,05641 Robin Port,Joseph,7.0,14.4,11.333333333333332,17.266666666666666
180.0,525 Clark Grove Apt. 928,Megan,20.0,16.12333333333333,13.679999999999998,18.55875
170.0,05641 Robin Port,Joseph,6.0,15.65,14.816666666666666,16.584166666666665
190.0,3287 Katelyn Wall Apt. 226,Chelsea,17.0,14.05,11.666666666666668,16.683333333333334
190.0,76724 John Points Suite 969,Angela,23.0,14.05,11.666666666666668,16.683333333333334
180.0,76483 Cameron Trail,Danielle,6.0,16.12333333333333,13.679999999999998,18.55875
180.0,05641 Robin Port,Joseph,11.0,16.12333333333333,13.679999999999998,18.55875
190.0,76483 Cameron Trail,Jeremy,9.0,14.05,11.666666666666668,16.683333333333334
200.0,525 Clark Grove Apt. 928,Jason,19.0,14.716666666666665,12.783333333333331,17.6
200.0,05641 Robin Port,Joseph,11.0,14.716666666666665,12.783333333333331,17.6
200.0,3287 Katelyn Wall Apt. 226,Danielle,9.0,14.716666666666665,12.783333333333331,17.6
200.0,76483 Cameron Trail,Jeremy,10.0,14.716666666666665,12.783333333333331,17.6
210.0,05641 Robin Port,Joseph,9.0,13.0,11.473749999999999,14.7
210.0,76724 John Points Suite 969,Megan,12.0,13.0,11.473749999999999,14.7
220.0,3287 Katelyn Wall Apt. 226,Danielle,20.0,15.933333333333334,13.2,17.852499999999996
220.0,76483 Cameron Trail,Jeremy,16.0,15.933333333333334,13.2,17.852499999999996
230.0,525 Clark Grove Apt. 928,Joseph,24.0,16.85,14.25,20.2
220.0,76724 John Points Suite 969,Angela,12.0,15.933333333333334,13.2,17.852499999999996
230.0,76483 Cameron Trail,Jason,11.0,16.85,14.25,20.2
240.0,3287 Katelyn Wall Apt. 226,Chelsea,18.0,13.35,11.489999999999998,14.725750000000001
240.0,76724 John Points Suite 969,Jeremy,11.0,13.35,11.489999999999998,14.725750000000001
250.0,525 Clark Grove Apt. 928,Joseph,18.0,14.353333333333333,12.9,16.044500000000003
250.0,76483 Cameron Trail,Megan,18.0,14.353333333333333,12.9,16.044500000000003
260.0,76724 John Points Suite 969,Danielle,19.0,14.3,12.2,16.2
260.0,3287 Katelyn Wall Apt. 226,Jeremy,22.0,14.3,12.2,16.2
270.0,05641 Robin Port,Angela,21.0,14.416666666666666,13.616666666666665,15.216666666666665
250.0,525 Clark Grove Apt. 928,Joseph,0.0,14.353333333333333,12.9,16.044500000000003
260.0,76483 Cameron Trail,Jason,7.0,14.3,12.2,16.2
280.0,76724 John Points Suite 969,Joseph,21.0,11.93,8.219,14.77
270.0,76483 Cameron Trail,Stephen,6.0,14.416666666666666,13.616666666666665,15.216666666666665
290.0,3287 Katelyn Wall Apt. 226,Robin,22.0,14.186666666666667,12.253333333333334,16.119999999999997
280.0,76483 Cameron Trail,Stephen,10.0,11.93,8.219,14.77
280.0,05641 Robin Port,Danielle,8.0,11.93,8.219,14.77
280.0,525 Clark Grove Apt. 928,Joseph,6.0,11.93,8.219,14.77
300.0,76483 Cameron Trail,Jeremy,21.0,13.48333333333333,11.55,14.666666666666666
290.0,05641 Robin Port,Jason,13.0,14.186666666666667,12.253333333333334,16.119999999999997
300.0,525 Clark Grove Apt. 928,Joseph,18.0,13.48333333333333,11.55,14.666666666666666
310.0,3287 Katelyn Wall Apt. 226,Stephen,21.0,14.183333333333332,12.333333333333332,16.05
310.0,76724 John Points Suite 969,Megan,19.0,14.183333333333332,12.333333333333332,16.05
300.0,05641 Robin Port,Danielle,6.0,13.48333333333333,11.55,14.666666666666666
310.0,76483 Cameron Trail,John,11.0,14.183333333333332,12.333333333333332,16.05
330.0,05641 Robin Port,Robin,24.0,13.633333333333335,11.133333333333333,16.43333333333333
320.0,525 Clark Grove Apt. 928,Joseph,12.0,12.233333333333333,10.266666666666666,14.283333333333331
330.0,3287 Katelyn Wall Apt. 226,Danielle,21.0,13.633333333333335,11.133333333333333,16.43333333333333
320.0,76483 Cameron Trail,Jeremy,6.0,12.233333333333333,10.266666666666666,14.283333333333331
330.0,76724 John Points Suite 969,Jason,10.0,13.633333333333335,11.133333333333333,16.43333333333333
330.0,525 Clark Grove Apt. 928,Joseph,9.0,13.633333333333335,11.133333333333333,16.43333333333333
340.0,76483 Cameron Trail,Stephen,23.0,13.113333333333333,11.239999999999998,14.6
340.0,525 Clark Grove Apt. 928,Joseph,12.0,13.113333333333333,11.239999999999998,14.6
340.0,05641 Robin Port,Jeremy,10.0,13.113333333333333,11.239999999999998,14.6
350.0,76724 John Points Suite 969,John,18.0,15.683333333333334,14.5,16.919166666666666
350.0,3287 Katelyn Wall Apt. 226,Brenda,15.0,15.683333333333334,14.5,16.919166666666666
360.0,525 Clark Grove Apt. 928,Joseph,20.0,12.450000000000001,10.286000000000001,14.301999999999998
360.0,05641 Robin Port,Megan,18.0,12.450000000000001,10.286000000000001,14.301999999999998
360.0,76483 Cameron Trail,Robin,15.0,12.450000000000001,10.286000000000001,14.301999999999998
360.0,76724 John Points Suite 969,Jason,8.0,12.450000000000001,10.286000000000001,14.301999999999998
360.0,3287 Katelyn Wall Apt. 226,Jeremy,8.0,12.450000000000001,10.286000000000001,14.301999999999998
380.0,76724 John Points Suite 969,Stephen,19.0,14.033333333333335,12.6,15.466666666666665
380.0,05641 Robin Port,Whitney,18.0,14.033333333333335,12.6,15.466666666666665
380.0,3287 Katelyn Wall Apt. 226,Danielle,21.0,14.033333333333335,12.6,15.466666666666665
380.0,525 Clark Grove Apt. 928,Joseph,22.0,14.033333333333335,12.6,15.466666666666665
370.0,76483 Cameron Trail,Jeremy,7.0,12.233333333333333,9.4,15.066666666666666
380.0,76483 Cameron Trail,Robin,12.0,14.033333333333335,12.6,15.466666666666665
380.0,76724 John Points Suite 969,Jason,6.0,14.033333333333335,12.6,15.466666666666665
390.0,05641 Robin Port,Jeremy,7.0,12.433333333333334,9.1,15.333333333333332
400.0,76724 John Points Suite 969,John,18.0,14.6,13.0,16.554999999999993
410.0,3287 Katelyn Wall Apt. 226,Stephen,23.0,13.8,11.27375,15.988749999999987
400.0,76483 Cameron Trail,Brenda,16.0,14.6,13.0,16.554999999999993
400.0,525 Clark Grove Apt. 928,Joseph,10.0,14.6,13.0,16.554999999999993
390.0,05641 Robin Port,Whitney,6.0,12.433333333333334,9.1,15.333333333333332
410.0,05641 Robin Port,William,15.0,13.8,11.27375,15.988749999999987
400.0,525 Clark Grove Apt. 928,Joseph,7.0,14.6,13.0,16.554999999999993
420.0,76483 Cameron Trail,Jeremy,16.0,15.166666666666666,12.866666666666665,18.250833333333333
410.0,76724 John Points Suite 969,Whitney,9.0,13.8,11.27375,15.988749999999987
430.0,525 Clark Grove Apt. 928,Joseph,23.0,14.4,12.2,15.73333333333333
410.0,3287 Katelyn Wall Apt. 226,Megan,6.0,13.8,11.27375,15.988749999999987
420.0,05641 Robin Port,Jason,14.0,15.166666666666666,12.866666666666665,18.250833333333333
420.0,76724 John Points Suite 969,Whitney,8.0,15.166666666666666,12.866666666666665,18.250833333333333
430.0,3287 Katelyn Wall Apt. 226,Danielle,13.0,14.4,12.2,15.73333333333333
430.0,76483 Cameron Trail,Stephen,9.0,14.4,12.2,15.73333333333333
450.0,76724 John Points Suite 969,Whitney,24.0,16.066666666666666,14.666666666666666,17.934999999999995
440.0,525 Clark Grove Apt. 928,Joseph,17.0,14.866666666666669,11.974583333333333,18.85
440.0,05641 Robin Port,Megan,16.0,14.866666666666669,11.974583333333333,18.85
440.0,3287 Katelyn Wall Apt. 226,Jeremy,6.0,14.866666666666669,11.974583333333333,18.85
440.0,76483 Cameron Trail,Stephen,10.0,14.866666666666669,11.974583333333333,18.85
460.0,3287 Katelyn Wall Apt. 226,William,20.0,14.66,12.44,16.7
450.0,76483 Cameron Trail,Jeremy,7.0,16.066666666666666,14.666666666666666,17.934999999999995
470.0,525 Clark Grove Apt. 928,Joseph,20.0,15.15,11.67375,18.35
470.0,05641 Robin Port,Danielle,22.0,15.15,11.67375,18.35
470.0,76724 John Points Suite 969,Stephen,21.0,15.15,11.67375,18.35
460.0,76483 Cameron Trail,Whitney,6.0,14.66,12.44,16.7
480.0,3287 Katelyn Wall Apt. 226,Jeremy,17.0,12.166666666666666,10.799999999999999,13.7
480.0,76483 Cameron Trail,Jason,16.0,12.166666666666666,10.799999999999999,13.7
480.0,525 Clark Grove Apt. 928,Joseph,8.0,12.166666666666666,10.799999999999999,13.7
490.0,05641 Robin Port,Whitney,19.0,15.25,13.5,17.0
500.0,76724 John Points Suite 969,Megan,23.0,14.333333333333332,12.0,16.666666666666664
480.0,525 Clark Grove Apt. 928,Joseph,9.0,12.166666666666666,10.799999999999999,13.7
500.0,3287 Katelyn Wall Apt. 226,Stephen,18.0,14.333333333333332,12.0,16.666666666666664
500.0,76483 Cameron Trail,William,11.0,14.333333333333332,12.0,16.666666666666664
40.0,0482 Monica Hills,Jennifer,19.0,15.8,11.9,20.119999999999983
40.0,184 Rodriguez Mews,Erin,15.0,15.8,11.9,20.119999999999983
40.0,6978 Maddox Wall,Jennifer,9.0,15.8,11.9,20.119999999999983
40.0,52880 Burns Creek,Joseph,7.0,15.8,11.9,20.119999999999983
60.0,3039 Christopher Oval Apt. 822,Erin,21.0,15.0,13.2,16.2
60.0,6978 Maddox Wall,Joseph,10.0,15.0,13.2,16.2
60.0,184 Rodriguez Mews,Jennifer,18.0,15.0,13.2,16.2
60.0,0482 Monica Hills,Daniel,11.0,15.0,13.2,16.2
70.0,52880 Burns Creek,Ryan,17.0,12.2,10.866666666666665,13.833333333333332
80.0,6978 Maddox Wall,Joseph,22.0,15.26666666666667,10.933333333333334,19.6
70.0,0482 Monica Hills,Shawn,7.0,12.2,10.866666666666665,13.833333333333332
70.0,184 Rodriguez Mews,Daniel,8.0,12.2,10.866666666666665,13.833333333333332
90.0,3039 Christopher Oval Apt. 822,Jennifer,23.0,15.366666666666669,12.315833333333334,19.287499999999998
80.0,0482 Monica Hills,Shawn,8.0,15.26666666666667,10.933333333333334,19.6
80.0,52880 Burns Creek,Ryan,8.0,15.26666666666667,10.933333333333334,19.6
90.0,184 Rodriguez Mews,Daniel,11.0,15.366666666666669,12.315833333333334,19.287499999999998
100.0,0482 Monica Hills,Shawn,16.0,16.95,14.42125,19.42625
100.0,6978 Maddox Wall,Joseph,24.0,16.95,14.42125,19.42625
90.0,52880 Burns Creek,Ryan,9.0,15.366666666666669,12.315833333333334,19.287499999999998
110.0,184 Rodriguez Mews,Daniel,24.0,15.466666666666665,12.333333333333334,18.27
100.0,3039 Christopher Oval Apt. 822,Erin,7.0,16.95,14.42125,19.42625
100.0,52880 Burns Creek,Jennifer,11.0,16.95,14.42125,19.42625
110.0,0482 Monica Hills,Shawn,15.0,15.466666666666665,12.333333333333334,18.27
110.0,3039 Christopher Oval Apt. 822,Ryan,14.0,15.466666666666665,12.333333333333334,18.27
120.0,52880 Burns Creek,Jennifer,11.0,13.516666666666666,10.3,17.15
120.0,6978 Maddox Wall,Joseph,10.0,13.516666666666666,10.3,17.15
120.0,184 Rodriguez Mews,Shawn,6.0,13.516666666666666,10.3,17.15
120.0,0482 Monica Hills,Erin,11.0,13.516666666666666,10.3,17.15
130.0,3039 Christopher Oval Apt. 822,Daniel,12.0,13.663333333333332,12.129583333333333,15.816666666666666
130.0,6978 Maddox Wall,Joseph,18.0,13.663333333333332,12.129583333333333,15.816666666666666
130.0,52880 Burns Creek,Jennifer,17.0,13.663333333333332,12.129583333333333,15.816666666666666
130.0,184 Rodriguez Mews,Shawn,8.0,13.663333333333332,12.129583333333333,15.816666666666666
140.0,0482 Monica Hills,Ryan,19.0,13.5,11.6,15.552499999999997
140.0,184 Rodriguez Mews,Shawn,9.0,13.5,11.6,15.552499999999997
150.0,3039 Christopher Oval Apt. 822,Daniel,21.0,14.15,10.95,17.0525
160.0,52880 Burns Creek,Jennifer,24.0,14.4,11.333333333333332,17.266666666666666
150.0,6978 Maddox Wall,Joseph,11.0,14.15,10.95,17.0525
160.0,184 Rodriguez Mews,Shawn,23.0,14.4,11.333333333333332,17.266666666666666
160.0,6978 Maddox Wall,Joseph,8.0,14.4,11.333333333333332,17.266666666666666
170.0,0482 Monica Hills,Eric,19.0,15.65,14.816666666666666,16.584166666666665
170.0,3039 Christopher Oval Apt. 822,Erin,16.0,15.65,14.816666666666666,16.584166666666665
170.0,6978 Maddox Wall,Daniel,17.0,15.65,14.816666666666666,16.584166666666665
180.0,52880 Burns Creek,Joseph,21.0,16.12333333333333,13.679999999999998,18.55875
180.0,184 Rodriguez Mews,Ryan,20.0,16.12333333333333,13.679999999999998,18.55875
190.0,3039 Christopher Oval Apt. 822,Shawn,23.0,14.05,11.666666666666668,16.683333333333334
190.0,0482 Monica Hills,Jennifer,22.0,14.05,11.666666666666668,16.683333333333334
190.0,6978 Maddox Wall,Kenneth,17.0,14.05,11.666666666666668,16.683333333333334
200.0,52880 Burns Creek,Andrew,17.0,14.716666666666665,12.783333333333331,17.6
190.0,184 Rodriguez Mews,Daniel,11.0,14.05,11.666666666666668,16.683333333333334
200.0,3039 Christopher Oval Apt. 822,Joseph,8.0,14.716666666666665,12.783333333333331,17.6
200.0,6978 Maddox Wall,Eric,13.0,14.716666666666665,12.783333333333331,17.6
220.0,0482 Monica Hills,Shawn,21.0,15.933333333333334,13.2,17.852499999999996
210.0,184 Rodriguez Mews,Ryan,15.0,13.0,11.473749999999999,14.7
210.0,52880 Burns Creek,Andrew,12.0,13.0,11.473749999999999,14.7
220.0,3039 Christopher Oval Apt. 822,Daniel,20.0,15.933333333333334,13.2,17.852499999999996
220.0,6978 Maddox Wall,Joseph,14.0,15.933333333333334,13.2,17.852499999999996
230.0,184 Rodriguez Mews,Jennifer,20.0,16.85,14.25,20.2
220.0,52880 Burns Creek,Andrew,11.0,15.933333333333334,13.2,17.852499999999996
240.0,0482 Monica Hills,Erin,19.0,13.35,11.489999999999998,14.725750000000001
230.0,6978 Maddox Wall,Shawn,6.0,16.85,14.25,20.2
240.0,3039 Christopher Oval Apt. 822,Eric,18.0,13.35,11.489999999999998,14.725750000000001
240.0,52880 Burns Creek,Andrew,20.0,13.35,11.489999999999998,14.725750000000001
240.0,6978 Maddox Wall,Joseph,12.0,13.35,11.489999999999998,14.725750000000001
240.0,184 Rodriguez Mews,Shawn,9.0,13.35,11.489999999999998,14.725750000000001
250.0,0482 Monica Hills,Natalie,15.0,14.353333333333333,12.9,16.044500000000003
260.0,6978 Maddox Wall,Daniel,20.0,14.3,12.2,16.2
260.0,3039 Christopher Oval Apt. 822,Ryan,19.0,14.3,12.2,16.2
260.0,184 Rodriguez Mews,Andrew,12.0,14.3,12.2,16.2
260.0,52880 Burns Creek,Shawn,18.0,14.3,12.2,16.2
270.0,0482 Monica Hills,Jennifer,21.0,14.416666666666666,13.616666666666665,15.216666666666665
270.0,184 Rodriguez Mews,Joseph,13.0,14.416666666666666,13.616666666666665,15.216666666666665
270.0,3039 Christopher Oval Apt. 822,Stacey,12.0,14.416666666666666,13.616666666666665,15.216666666666665
270.0,6978 Maddox Wall,Andrew,9.0,14.416666666666666,13.616666666666665,15.216666666666665
290.0,52880 Burns Creek,Natalie,21.0,14.186666666666667,12.253333333333334,16.119999999999997
290.0,184 Rodriguez Mews,Eric,15.0,14.186666666666667,12.253333333333334,16.119999999999997
280.0,0482 Monica Hills,Andrew,6.0,11.93,8.219,14.77
290.0,6978 Maddox Wall,Shawn,18.0,14.186666666666667,12.253333333333334,16.119999999999997
290.0,3039 Christopher Oval Apt. 822,Daniel,12.0,14.186666666666667,12.253333333333334,16.119999999999997
300.0,0482 Monica Hills,Andrew,22.0,13.48333333333333,11.55,14.666666666666666
300.0,52880 Burns Creek,Joseph,14.0,13.48333333333333,11.55,14.666666666666666
310.0,184 Rodriguez Mews,Ryan,17.0,14.183333333333332,12.333333333333332,16.05
310.0,3039 Christopher Oval Apt. 822,Todd,14.0,14.183333333333332,12.333333333333332,16.05
300.0,6978 Maddox Wall,Jennifer,6.0,13.48333333333333,11.55,14.666666666666666
320.0,6978 Maddox Wall,Stacey,14.0,12.233333333333333,10.266666666666666,14.283333333333331
320.0,52880 Burns Creek,David,23.0,12.233333333333333,10.266666666666666,14.283333333333331
310.0,0482 Monica Hills,Natalie,10.0,14.183333333333332,12.333333333333332,16.05
320.0,3039 Christopher Oval Apt. 822,Shawn,11.0,12.233333333333333,10.266666666666666,14.283333333333331
320.0,184 Rodriguez Mews,Andrew,13.0,12.233333333333333,10.266666666666666,14.283333333333331
320.0,0482 Monica Hills,Daniel,8.0,12.233333333333333,10.266666666666666,14.283333333333331
330.0,6978 Maddox Wall,Jennifer,10.0,13.633333333333335,11.133333333333333,16.43333333333333
320.0,3039 Christopher Oval Apt. 822,Joseph,4.0,12.233333333333333,10.266666666666666,14.283333333333331
330.0,184 Rodriguez Mews,Eric,10.0,13.633333333333335,11.133333333333333,16.43333333333333
340.0,0482 Monica Hills,Andrew,9.0,13.113333333333333,11.239999999999998,14.6
340.0,52880 Burns Creek,Shawn,16.0,13.113333333333333,11.239999999999998,14.6
340.0,3039 Christopher Oval Apt. 822,Natalie,10.0,13.113333333333333,11.239999999999998,14.6
340.0,6978 Maddox Wall,Daniel,6.0,13.113333333333333,11.239999999999998,14.6
340.0,184 Rodriguez Mews,Rodney,6.0,13.113333333333333,11.239999999999998,14.6
360.0,0482 Monica Hills,Jennifer,23.0,12.450000000000001,10.286000000000001,14.301999999999998
350.0,6978 Maddox Wall,Andrew,16.0,15.683333333333334,14.5,16.919166666666666
350.0,3039 Christopher Oval Apt. 822,Ryan,12.0,15.683333333333334,14.5,16.919166666666666
360.0,184 Rodriguez Mews,Rodney,12.0,12.450000000000001,10.286000000000001,14.301999999999998
360.0,52880 Burns Creek,Stacey,16.0,12.450000000000001,10.286000000000001,14.301999999999998
370.0,3039 Christopher Oval Apt. 822,Natalie,18.0,12.233333333333333,9.4,15.066666666666666
370.0,6978 Maddox Wall,Daniel,18.0,12.233333333333333,9.4,15.066666666666666
360.0,184 Rodriguez Mews,Rodney,8.0,12.450000000000001,10.286000000000001,14.301999999999998
380.0,52880 Burns Creek,Andrew,17.0,14.033333333333335,12.6,15.466666666666665
380.0,0482 Monica Hills,Shawn,24.0,14.033333333333335,12.6,15.466666666666665
380.0,184 Rodriguez Mews,Eric,16.0,14.033333333333335,12.6,15.466666666666665
380.0,3039 Christopher Oval Apt. 822,Rodney,6.0,14.033333333333335,12.6,15.466666666666665
390.0,6978 Maddox Wall,David,19.0,12.433333333333334,9.1,15.333333333333332
380.0,52880 Burns Creek,Rodney,7.0,14.033333333333335,12.6,15.466666666666665
390.0,3039 Christopher Oval Apt. 822,Jessica,9.0,12.433333333333334,9.1,15.333333333333332
400.0,184 Rodriguez Mews,Andrew,18.0,14.6,13.0,16.554999999999993
400.0,0482 Monica Hills,Rodney,15.0,14.6,13.0,16.554999999999993
400.0,3039 Christopher Oval Apt. 822,Jennifer,12.0,14.6,13.0,16.554999999999993
410.0,52880 Burns Creek,Natalie,20.0,13.8,11.27375,15.988749999999987
410.0,6978 Maddox Wall,Stacey,15.0,13.8,11.27375,15.988749999999987
410.0,184 Rodriguez Mews,Jessica,7.0,13.8,11.27375,15.988749999999987
420.0,0482 Monica Hills,Rodney,18.0,15.166666666666666,12.866666666666665,18.250833333333333
420.0,3039 Christopher Oval Apt. 822,Shawn,17.0,15.166666666666666,12.866666666666665,18.250833333333333
430.0,6978 Maddox Wall,Andrew,24.0,14.4,12.2,15.73333333333333
420.0,184 Rodriguez Mews,Jessica,12.0,15.166666666666666,12.866666666666665,18.250833333333333
430.0,52880 Burns Creek,Eric,14.0,14.4,12.2,15.73333333333333
430.0,3039 Christopher Oval Apt. 822,Jennifer,10.0,14.4,12.2,15.73333333333333
440.0,0482 Monica Hills,Rodney,22.0,14.866666666666669,11.974583333333333,18.85
450.0,184 Rodriguez Mews,Shawn,19.0,16.066666666666666,14.666666666666666,17.934999999999995
450.0,52880 Burns Creek,Natalie,17.0,16.066666666666666,14.666666666666666,17.934999999999995
460.0,3039 Christopher Oval Apt. 822,Jessica,20.0,14.66,12.44,16.7
450.0,6978 Maddox Wall,David,13.0,16.066666666666666,14.666666666666666,17.934999999999995
460.0,0482 Monica Hills,Stacey,17.0,14.66,12.44,16.7
460.0,184 Rodriguez Mews,Andrew,12.0,14.66,12.44,16.7
460.0,52880 Burns Creek,Rodney,16.0,14.66,12.44,16.7
460.0,6978 Maddox Wall,Jennifer,12.0,14.66,12.44,16.7
470.0,3039 Christopher Oval Apt. 822,Eric,16.0,15.15,11.67375,18.35
480.0,184 Rodriguez Mews,Shawn,12.0,12.166666666666666,10.799999999999999,13.7
480.0,6978 Maddox Wall,Andrew,11.0,12.166666666666666,10.799999999999999,13.7
470.0,0482 Monica Hills,Rodney,6.0,15.15,11.67375,18.35
490.0,52880 Burns Creek,Natalie,21.0,15.25,13.5,17.0
490.0,0482 Monica Hills,Jessica,13.0,15.25,13.5,17.0
480.0,3039 Christopher Oval Apt. 822,Rodney,6.0,12.166666666666666,10.799999999999999,13.7
500.0,6978 Maddox Wall,Jennifer,22.0,14.333333333333332,12.0,16.666666666666664
490.0,184 Rodriguez Mews,Andrew,9.0,15.25,13.5,17.0
490.0,3039 Christopher Oval Apt. 822,Rodney,10.0,15.25,13.5,17.0
500.0,184 Rodriguez Mews,Shawn,10.0,14.333333333333332,12.0,16.666666666666664
40.0,713 Caleb Brooks Apt. 930,Jeffrey,24.0,15.8,11.9,20.119999999999983
60.0,248 Brandt Plains Apt. 465,Crystal,16.0,15.0,13.2,16.2
60.0,7382 Sanchez Mountains,Jeffrey,16.0,15.0,13.2,16.2
70.0,713 Caleb Brooks Apt. 930,Chad,12.0,12.2,10.866666666666665,13.833333333333332
70.0,248 Brandt Plains Apt. 465,Crystal,15.0,12.2,10.866666666666665,13.833333333333332
70.0,031 Michele Cliffs,Jeffrey,10.0,12.2,10.866666666666665,13.833333333333332
90.0,11656 Owens Stream Apt. 106,Chad,17.0,15.366666666666669,12.315833333333334,19.287499999999998
80.0,713 Caleb Brooks Apt. 930,Jeffrey,12.0,15.26666666666667,10.933333333333334,19.6
80.0,7382 Sanchez Mountains,Crystal,9.0,15.26666666666667,10.933333333333334,19.6
100.0,248 Brandt Plains Apt. 465,Michele,18.0,16.95,14.42125,19.42625
90.0,031 Michele Cliffs,Crystal,10.0,15.366666666666669,12.315833333333334,19.287499999999998
100.0,713 Caleb Brooks Apt. 930,Jeffrey,20.0,16.95,14.42125,19.42625
120.0,7382 Sanchez Mountains,Rebecca,23.0,13.516666666666666,10.3,17.15
110.0,11656 Owens Stream Apt. 106,Crystal,15.0,15.466666666666665,12.333333333333334,18.27
120.0,031 Michele Cliffs,Elizabeth,20.0,13.516666666666666,10.3,17.15
120.0,248 Brandt Plains Apt. 465,Michele,18.0,13.516666666666666,10.3,17.15
110.0,713 Caleb Brooks Apt. 930,Jeffrey,7.0,15.466666666666665,12.333333333333334,18.27
130.0,11656 Owens Stream Apt. 106,David,18.0,13.663333333333332,12.129583333333333,15.816666666666666
130.0,713 Caleb Brooks Apt. 930,Jeffrey,18.0,13.663333333333332,12.129583333333333,15.816666666666666
130.0,7382 Sanchez Mountains,Crystal,16.0,13.663333333333332,12.129583333333333,15.816666666666666
140.0,248 Brandt Plains Apt. 465,Chad,23.0,13.5,11.6,15.552499999999997
140.0,031 Michele Cliffs,Jason,17.0,13.5,11.6,15.552499999999997
150.0,11656 Owens Stream Apt. 106,David,24.0,14.15,10.95,17.0525
140.0,713 Caleb Brooks Apt. 930,Michele,12.0,13.5,11.6,15.552499999999997
140.0,7382 Sanchez Mountains,Jeffrey,10.0,13.5,11.6,15.552499999999997
160.0,031 Michele Cliffs,Elizabeth,17.0,14.4,11.333333333333332,17.266666666666666
160.0,248 Brandt Plains Apt. 465,Rebecca,17.0,14.4,11.333333333333332,17.266666666666666
150.0,7382 Sanchez Mountains,Jeffrey,6.0,14.15,10.95,17.0525
170.0,713 Caleb Brooks Apt. 930,Crystal,17.0,15.65,14.816666666666666,16.584166666666665
170.0,7382 Sanchez Mountains,Jeffrey,14.0,15.65,14.816666666666666,16.584166666666665
160.0,11656 Owens Stream Apt. 106,David,9.0,14.4,11.333333333333332,17.266666666666666
160.0,031 Michele Cliffs,Michele,9.0,14.4,11.333333333333332,17.266666666666666
180.0,248 Brandt Plains Apt. 465,Jason,21.0,16.12333333333333,13.679999999999998,18.55875
180.0,11656 Owens Stream Apt. 106,David,13.0,16.12333333333333,13.679999999999998,18.55875
180.0,031 Michele Cliffs,Ashley,14.0,16.12333333333333,13.679999999999998,18.55875
190.0,7382 Sanchez Mountains,Jeffrey,19.0,14.05,11.666666666666668,16.683333333333334
180.0,713 Caleb Brooks Apt. 930,Michele,11.0,16.12333333333333,13.679999999999998,18.55875
180.0,11656 Owens Stream Apt. 106,David,7.0,16.12333333333333,13.679999999999998,18.55875
190.0,031 Michele Cliffs,Elizabeth,6.0,14.05,11.666666666666668,16.683333333333334
190.0,713 Caleb Brooks Apt. 930,Crystal,6.0,14.05,11.666666666666668,16.683333333333334
200.0,248 Brandt Plains Apt. 465,Lindsey,16.0,14.716666666666665,12.783333333333331,17.6
200.0,11656 Owens Stream Apt. 106,David,13.0,14.716666666666665,12.783333333333331,17.6
210.0,7382 Sanchez Mountains,Jeffrey,20.0,13.0,11.473749999999999,14.7
200.0,031 Michele Cliffs,Michele,12.0,14.716666666666665,12.783333333333331,17.6
210.0,713 Caleb Brooks Apt. 930,Crystal,21.0,13.0,11.473749999999999,14.7
210.0,11656 Owens Stream Apt. 106,James,13.0,13.0,11.473749999999999,14.7
220.0,031 Michele Cliffs,David,24.0,15.933333333333334,13.2,17.852499999999996
210.0,248 Brandt Plains Apt. 465,Elizabeth,9.0,13.0,11.473749999999999,14.7
230.0,7382 Sanchez Mountains,Jeffrey,22.0,16.85,14.25,20.2
230.0,248 Brandt Plains Apt. 465,Lindsey,16.0,16.85,14.25,20.2
220.0,713 Caleb Brooks Apt. 930,Michele,13.0,15.933333333333334,13.2,17.852499999999996
230.0,11656 Owens Stream Apt. 106,Ashley,15.0,16.85,14.25,20.2
230.0,713 Caleb Brooks Apt. 930,James,6.0,16.85,14.25,20.2
240.0,031 Michele Cliffs,Jason,13.0,13.35,11.489999999999998,14.725750000000001
240.0,248 Brandt Plains Apt. 465,David,15.0,13.35,11.489999999999998,14.725750000000001
250.0,7382 Sanchez Mountains,Jeffrey,16.0,14.353333333333333,12.9,16.044500000000003
240.0,11656 Owens Stream Apt. 106,Elizabeth,13.0,13.35,11.489999999999998,14.725750000000001
240.0,713 Caleb Brooks Apt. 930,Lindsey,8.0,13.35,11.489999999999998,14.725750000000001
250.0,031 Michele Cliffs,James,11.0,14.353333333333333,12.9,16.044500000000003
260.0,713 Caleb Brooks Apt. 930,Michele,12.0,14.3,12.2,16.2
260.0,248 Brandt Plains Apt. 465,Crystal,9.0,14.3,12.2,16.2
260.0,11656 Owens Stream Apt. 106,Lindsey,15.0,14.3,12.2,16.2
270.0,7382 Sanchez Mountains,Jeffrey,20.0,14.416666666666666,13.616666666666665,15.216666666666665
260.0,031 Michele Cliffs,David,8.0,14.3,12.2,16.2
280.0,248 Brandt Plains Apt. 465,James,19.0,11.93,8.219,14.77
270.0,031 Michele Cliffs,David,11.0,14.416666666666666,13.616666666666665,15.216666666666665
280.0,11656 Owens Stream Apt. 106,Rodney,23.0,11.93,8.219,14.77
280.0,713 Caleb Brooks Apt. 930,Lindsey,9.0,11.93,8.219,14.77
290.0,7382 Sanchez Mountains,Jeffrey,18.0,14.186666666666667,12.253333333333334,16.119999999999997
290.0,031 Michele Cliffs,Michele,12.0,14.186666666666667,12.253333333333334,16.119999999999997
290.0,713 Caleb Brooks Apt. 930,Elizabeth,16.0,14.186666666666667,12.253333333333334,16.119999999999997
290.0,248 Brandt Plains Apt. 465,David,11.0,14.186666666666667,12.253333333333334,16.119999999999997
310.0,11656 Owens Stream Apt. 106,Lindsey,23.0,14.183333333333332,12.333333333333332,16.05
290.0,031 Michele Cliffs,Crystal,6.0,14.186666666666667,12.253333333333334,16.119999999999997
310.0,7382 Sanchez Mountains,Jason,20.0,14.183333333333332,12.333333333333332,16.05
300.0,248 Brandt Plains Apt. 465,Jeffrey,10.0,13.48333333333333,11.55,14.666666666666666
320.0,713 Caleb Brooks Apt. 930,Rodney,22.0,12.233333333333333,10.266666666666666,14.283333333333331
310.0,031 Michele Cliffs,James,16.0,14.183333333333332,12.333333333333332,16.05
310.0,248 Brandt Plains Apt. 465,David,6.0,14.183333333333332,12.333333333333332,16.05
320.0,248 Brandt Plains Apt. 465,Michele,13.0,12.233333333333333,10.266666666666666,14.283333333333331
320.0,7382 Sanchez Mountains,Jeffrey,10.0,12.233333333333333,10.266666666666666,14.283333333333331
320.0,11656 Owens Stream Apt. 106,David,8.0,12.233333333333333,10.266666666666666,14.283333333333331
330.0,031 Michele Cliffs,Jessica,23.0,13.633333333333335,11.133333333333333,16.43333333333333
330.0,713 Caleb Brooks Apt. 930,Stuart,12.0,13.633333333333335,11.133333333333333,16.43333333333333
340.0,11656 Owens Stream Apt. 106,David,23.0,13.113333333333333,11.239999999999998,14.6
340.0,7382 Sanchez Mountains,Jeffrey,14.0,13.113333333333333,11.239999999999998,14.6
340.0,248 Brandt Plains Apt. 465,Crystal,11.0,13.113333333333333,11.239999999999998,14.6
350.0,713 Caleb Brooks Apt. 930,Rodney,18.0,15.683333333333334,14.5,16.919166666666666
340.0,031 Michele Cliffs,James,8.0,13.113333333333333,11.239999999999998,14.6
360.0,248 Brandt Plains Apt. 465,Lindsey,21.0,12.450000000000001,10.286000000000001,14.301999999999998
350.0,7382 Sanchez Mountains,Tracey,14.0,15.683333333333334,14.5,16.919166666666666
360.0,11656 Owens Stream Apt. 106,Michele,13.0,12.450000000000001,10.286000000000001,14.301999999999998
360.0,031 Michele Cliffs,Jeffrey,14.0,12.450000000000001,10.286000000000001,14.301999999999998
360.0,713 Caleb Brooks Apt. 930,Stuart,12.0,12.450000000000001,10.286000000000001,14.301999999999998
360.0,7382 Sanchez Mountains,David,11.0,12.450000000000001,10.286000000000001,14.301999999999998
370.0,248 Brandt Plains Apt. 465,Rodney,13.0,12.233333333333333,9.4,15.066666666666666
380.0,031 Michele Cliffs,Jeffrey,21.0,14.033333333333335,12.6,15.466666666666665
380.0,11656 Owens Stream Apt. 106,Jason,13.0,14.033333333333335,12.6,15.466666666666665
380.0,713 Caleb Brooks Apt. 930,Crystal,12.0,14.033333333333335,12.6,15.466666666666665
370.0,7382 Sanchez Mountains,David,6.0,12.233333333333333,9.4,15.066666666666666
390.0,248 Brandt Plains Apt. 465,Lindsey,20.0,12.433333333333334,9.1,15.333333333333332
390.0,7382 Sanchez Mountains,Michele,15.0,12.433333333333334,9.1,15.333333333333332
390.0,11656 Owens Stream Apt. 106,David,12.0,12.433333333333334,9.1,15.333333333333332
400.0,713 Caleb Brooks Apt. 930,Rodney,19.0,14.6,13.0,16.554999999999993
400.0,031 Michele Cliffs,Jessica,18.0,14.6,13.0,16.554999999999993
400.0,7382 Sanchez Mountains,Tracey,8.0,14.6,13.0,16.554999999999993
410.0,11656 Owens Stream Apt. 106,Jeffrey,21.0,13.8,11.27375,15.988749999999987
400.0,248 Brandt Plains Apt. 465,David,6.0,14.6,13.0,16.554999999999993
410.0,713 Caleb Brooks Apt. 930,Stuart,7.0,13.8,11.27375,15.988749999999987
420.0,7382 Sanchez Mountains,David,18.0,15.166666666666666,12.866666666666665,18.250833333333333
420.0,248 Brandt Plains Apt. 465,Joshua,14.0,15.166666666666666,12.866666666666665,18.250833333333333
420.0,031 Michele Cliffs,Rodney,16.0,15.166666666666666,12.866666666666665,18.250833333333333
420.0,713 Caleb Brooks Apt. 930,Michele,11.0,15.166666666666666,12.866666666666665,18.250833333333333
420.0,11656 Owens Stream Apt. 106,Lindsey,11.0,15.166666666666666,12.866666666666665,18.250833333333333
440.0,248 Brandt Plains Apt. 465,Scott,21.0,14.866666666666669,11.974583333333333,18.85
440.0,713 Caleb Brooks Apt. 930,Jeffrey,16.0,14.866666666666669,11.974583333333333,18.85
430.0,7382 Sanchez Mountains,Sandra,10.0,14.4,12.2,15.73333333333333
440.0,031 Michele Cliffs,Crystal,18.0,14.866666666666669,11.974583333333333,18.85
440.0,11656 Owens Stream Apt. 106,Tracey,12.0,14.866666666666669,11.974583333333333,18.85
440.0,7382 Sanchez Mountains,Rodney,13.0,14.866666666666669,11.974583333333333,18.85
460.0,713 Caleb Brooks Apt. 930,David,24.0,14.66,12.44,16.7
450.0,11656 Owens Stream Apt. 106,Michele,14.0,16.066666666666666,14.666666666666666,17.934999999999995
460.0,248 Brandt Plains Apt. 465,Lindsey,15.0,14.66,12.44,16.7
460.0,031 Michele Cliffs,Stuart,19.0,14.66,12.44,16.7
460.0,7382 Sanchez Mountains,Scott,16.0,14.66,12.44,16.7
470.0,11656 Owens Stream Apt. 106,Jeffrey,13.0,15.15,11.67375,18.35
470.0,248 Brandt Plains Apt. 465,Rodney,12.0,15.15,11.67375,18.35
470.0,713 Caleb Brooks Apt. 930,Sandra,11.0,15.15,11.67375,18.35
480.0,031 Michele Cliffs,Brent,16.0,12.166666666666666,10.799999999999999,13.7
470.0,7382 Sanchez Mountains,Scott,7.0,15.15,11.67375,18.35
490.0,248 Brandt Plains Apt. 465,Jeffrey,22.0,15.25,13.5,17.0
480.0,7382 Sanchez Mountains,Scott,9.0,12.166666666666666,10.799999999999999,13.7
480.0,11656 Owens Stream Apt. 106,Michele,7.0,12.166666666666666,10.799999999999999,13.7
490.0,713 Caleb Brooks Apt. 930,Lindsey,11.0,15.25,13.5,17.0
490.0,031 Michele Cliffs,David,12.0,15.25,13.5,17.0
500.0,11656 Owens Stream Apt. 106,Rodney,18.0,14.333333333333332,12.0,16.666666666666664
490.0,7382 Sanchez Mountains,Yvette,11.0,15.25,13.5,17.0
500.0,031 Michele Cliffs,Sandra,7.0,14.333333333333332,12.0,16.666666666666664
40.0,81219 Emma Freeway,Nicholas,12.0,15.8,11.9,20.119999999999983
50.0,81219 Emma Freeway,Brian,8.0,13.25,8.0,18.5
60.0,26064 Mitchell Square Suite 234,Nicholas,15.0,15.0,13.2,16.2
70.0,98050 Breanna Parkway,Tricia,24.0,12.2,10.866666666666665,13.833333333333332
70.0,81219 Emma Freeway,Brian,18.0,12.2,10.866666666666665,13.833333333333332
70.0,80132 Tucker Forest,Jason,13.0,12.2,10.866666666666665,13.833333333333332
80.0,33387 Robert Harbors Suite 317,Joseph,22.0,15.26666666666667,10.933333333333334,19.6
70.0,26064 Mitchell Square Suite 234,Nicholas,7.0,12.2,10.866666666666665,13.833333333333332
100.0,80132 Tucker Forest,Nicholas,24.0,16.95,14.42125,19.42625
90.0,26064 Mitchell Square Suite 234,Tricia,16.0,15.366666666666669,12.315833333333334,19.287499999999998
100.0,81219 Emma Freeway,Rodney,23.0,16.95,14.42125,19.42625
90.0,33387 Robert Harbors Suite 317,Brian,6.0,15.366666666666669,12.315833333333334,19.287499999999998
100.0,98050 Breanna Parkway,Joseph,13.0,16.95,14.42125,19.42625
100.0,33387 Robert Harbors Suite 317,Brian,14.0,16.95,14.42125,19.42625
100.0,26064 Mitchell Square Suite 234,Tricia,6.0,16.95,14.42125,19.42625
110.0,80132 Tucker Forest,Nicholas,15.0,15.466666666666665,12.333333333333334,18.27
110.0,26064 Mitchell Square Suite 234,Tricia,12.0,15.466666666666665,12.333333333333334,18.27
120.0,98050 Breanna Parkway,Joseph,23.0,13.516666666666666,10.3,17.15
110.0,81219 Emma Freeway,Rodney,10.0,15.466666666666665,12.333333333333334,18.27
120.0,33387 Robert Harbors Suite 317,Wendy,19.0,13.516666666666666,10.3,17.15
130.0,81219 Emma Freeway,Rodney,16.0,13.663333333333332,12.129583333333333,15.816666666666666
120.0,80132 Tucker Forest,Tricia,8.0,13.516666666666666,10.3,17.15
120.0,26064 Mitchell Square Suite 234,Nicholas,10.0,13.516666666666666,10.3,17.15
140.0,80132 Tucker Forest,Susan,13.0,13.5,11.6,15.552499999999997
140.0,33387 Robert Harbors Suite 317,Wendy,15.0,13.5,11.6,15.552499999999997
140.0,26064 Mitchell Square Suite 234,Tricia,11.0,13.5,11.6,15.552499999999997
130.0,98050 Breanna Parkway,Brian,9.0,13.663333333333332,12.129583333333333,15.816666666666666
150.0,81219 Emma Freeway,Nicholas,20.0,14.15,10.95,17.0525
140.0,98050 Breanna Parkway,Joseph,7.0,13.5,11.6,15.552499999999997
150.0,80132 Tucker Forest,Rodney,10.0,14.15,10.95,17.0525
150.0,26064 Mitchell Square Suite 234,Tricia,10.0,14.15,10.95,17.0525
160.0,33387 Robert Harbors Suite 317,Wendy,20.0,14.4,11.333333333333332,17.266666666666666
150.0,98050 Breanna Parkway,Brian,10.0,14.15,10.95,17.0525
160.0,80132 Tucker Forest,Rodney,18.0,14.4,11.333333333333332,17.266666666666666
170.0,26064 Mitchell Square Suite 234,Joseph,24.0,15.65,14.816666666666666,16.584166666666665
170.0,81219 Emma Freeway,Tricia,17.0,15.65,14.816666666666666,16.584166666666665
180.0,98050 Breanna Parkway,Jennifer,22.0,16.12333333333333,13.679999999999998,18.55875
180.0,33387 Robert Harbors Suite 317,Wendy,22.0,16.12333333333333,13.679999999999998,18.55875
170.0,80132 Tucker Forest,Nicholas,8.0,15.65,14.816666666666666,16.584166666666665
190.0,81219 Emma Freeway,Rodney,20.0,14.05,11.666666666666668,16.683333333333334
180.0,26064 Mitchell Square Suite 234,Susan,8.0,16.12333333333333,13.679999999999998,18.55875
200.0,80132 Tucker Forest,Nicholas,24.0,14.716666666666665,12.783333333333331,17.6
190.0,98050 Breanna Parkway,Jennifer,8.0,14.05,11.666666666666668,16.683333333333334
200.0,26064 Mitchell Square Suite 234,Tricia,22.0,14.716666666666665,12.783333333333331,17.6
190.0,33387 Robert Harbors Suite 317,Wendy,9.0,14.05,11.666666666666668,16.683333333333334
200.0,98050 Breanna Parkway,Tanya,13.0,14.716666666666665,12.783333333333331,17.6
210.0,81219 Emma Freeway,Jennifer,18.0,13.0,11.473749999999999,14.7
210.0,33387 Robert Harbors Suite 317,Wendy,20.0,13.0,11.473749999999999,14.7
210.0,98050 Breanna Parkway,Brian,9.0,13.0,11.473749999999999,14.7
210.0,80132 Tucker Forest,Tanya,10.0,13.0,11.473749999999999,14.7
220.0,26064 Mitchell Square Suite 234,Amy,10.0,15.933333333333334,13.2,17.852499999999996
220.0,81219 Emma Freeway,Rodney,16.0,15.933333333333334,13.2,17.852499999999996
230.0,98050 Breanna Parkway,Brian,15.0,16.85,14.25,20.2
230.0,80132 Tucker Forest,Tanya,18.0,16.85,14.25,20.2
230.0,33387 Robert Harbors Suite 317,Wendy,15.0,16.85,14.25,20.2
220.0,26064 Mitchell Square Suite 234,Jennifer,6.0,15.933333333333334,13.2,17.852499999999996
240.0,26064 Mitchell Square Suite 234,Melissa,20.0,13.35,11.489999999999998,14.725750000000001
240.0,81219 Emma Freeway,Nicholas,16.0,13.35,11.489999999999998,14.725750000000001
250.0,98050 Breanna Parkway,Brian,22.0,14.353333333333333,12.9,16.044500000000003
240.0,33387 Robert Harbors Suite 317,Amy,6.0,13.35,11.489999999999998,14.725750000000001
250.0,80132 Tucker Forest,Eric,20.0,14.353333333333333,12.9,16.044500000000003
250.0,33387 Robert Harbors Suite 317,Wendy,11.0,14.353333333333333,12.9,16.044500000000003
260.0,81219 Emma Freeway,Tanya,18.0,14.3,12.2,16.2
260.0,26064 Mitchell Square Suite 234,Susan,16.0,14.3,12.2,16.2
270.0,33387 Robert Harbors Suite 317,Joe,22.0,14.416666666666666,13.616666666666665,15.216666666666665
260.0,98050 Breanna Parkway,Brian,10.0,14.3,12.2,16.2
260.0,80132 Tucker Forest,Melissa,9.0,14.3,12.2,16.2
280.0,26064 Mitchell Square Suite 234,Wendy,17.0,11.93,8.219,14.77
270.0,98050 Breanna Parkway,Brian,10.0,14.416666666666666,13.616666666666665,15.216666666666665
270.0,80132 Tucker Forest,Jennifer,9.0,14.416666666666666,13.616666666666665,15.216666666666665
280.0,81219 Emma Freeway,Emma,12.0,11.93,8.219,14.77
280.0,98050 Breanna Parkway,Brian,13.0,11.93,8.219,14.77
290.0,33387 Robert Harbors Suite 317,Melissa,17.0,14.186666666666667,12.253333333333334,16.119999999999997
280.0,80132 Tucker Forest,David,7.0,11.93,8.219,14.77
280.0,81219 Emma Freeway,Susan,9.0,11.93,8.219,14.77
290.0,26064 Mitchell Square Suite 234,Tanya,7.0,14.186666666666667,12.253333333333334,16.119999999999997
300.0,80132 Tucker Forest,Eric,13.0,13.48333333333333,11.55,14.666666666666666
300.0,98050 Breanna Parkway,Brian,14.0,13.48333333333333,11.55,14.666666666666666
300.0,81219 Emma Freeway,Joe,16.0,13.48333333333333,11.55,14.666666666666666
300.0,26064 Mitchell Square Suite 234,Wendy,12.0,13.48333333333333,11.55,14.666666666666666
310.0,33387 Robert Harbors Suite 317,Tanya,14.0,14.183333333333332,12.333333333333332,16.05
320.0,80132 Tucker Forest,Jennifer,20.0,12.233333333333333,10.266666666666666,14.283333333333331
320.0,98050 Breanna Parkway,Brian,21.0,12.233333333333333,10.266666666666666,14.283333333333331
310.0,26064 Mitchell Square Suite 234,Melissa,8.0,14.183333333333332,12.333333333333332,16.05
320.0,81219 Emma Freeway,Emma,17.0,12.233333333333333,10.266666666666666,14.283333333333331
320.0,33387 Robert Harbors Suite 317,Susan,7.0,12.233333333333333,10.266666666666666,14.283333333333331
330.0,26064 Mitchell Square Suite 234,Wendy,19.0,13.633333333333335,11.133333333333333,16.43333333333333
330.0,33387 Robert Harbors Suite 317,Joe,10.0,13.633333333333335,11.133333333333333,16.43333333333333
330.0,80132 Tucker Forest,David,12.0,13.633333333333335,11.133333333333333,16.43333333333333
340.0,81219 Emma Freeway,Melissa,13.0,13.113333333333333,11.239999999999998,14.6
350.0,98050 Breanna Parkway,Brian,23.0,15.683333333333334,14.5,16.919166666666666
340.0,33387 Robert Harbors Suite 317,Tanya,16.0,13.113333333333333,11.239999999999998,14.6
350.0,80132 Tucker Forest,Eric,18.0,15.683333333333334,14.5,16.919166666666666
340.0,26064 Mitchell Square Suite 234,Joe,9.0,13.113333333333333,11.239999999999998,14.6
350.0,81219 Emma Freeway,Susan,12.0,15.683333333333334,14.5,16.919166666666666
360.0,26064 Mitchell Square Suite 234,Wendy,16.0,12.450000000000001,10.286000000000001,14.301999999999998
360.0,33387 Robert Harbors Suite 317,Brian,8.0,12.450000000000001,10.286000000000001,14.301999999999998
360.0,98050 Breanna Parkway,Joe,7.0,12.450000000000001,10.286000000000001,14.301999999999998
370.0,81219 Emma Freeway,Melissa,20.0,12.233333333333333,9.4,15.066666666666666
360.0,80132 Tucker Forest,Jennifer,6.0,12.450000000000001,10.286000000000001,14.301999999999998
360.0,33387 Robert Harbors Suite 317,Brian,9.0,12.450000000000001,10.286000000000001,14.301999999999998
360.0,98050 Breanna Parkway,Joe,7.0,12.450000000000001,10.286000000000001,14.301999999999998
370.0,80132 Tucker Forest,Tanya,14.0,12.233333333333333,9.4,15.066666666666666
370.0,26064 Mitchell Square Suite 234,Emma,8.0,12.233333333333333,9.4,15.066666666666666
380.0,33387 Robert Harbors Suite 317,Brian,19.0,14.033333333333335,12.6,15.466666666666665
380.0,98050 Breanna Parkway,Jennifer,13.0,14.033333333333335,12.6,15.466666666666665
390.0,26064 Mitchell Square Suite 234,Joe,17.0,12.433333333333334,9.1,15.333333333333332
390.0,81219 Emma Freeway,Wendy,17.0,12.433333333333334,9.1,15.333333333333332
380.0,80132 Tucker Forest,Alexandra,6.0,14.033333333333335,12.6,15.466666666666665
390.0,98050 Breanna Parkway,Susan,13.0,12.433333333333334,9.1,15.333333333333332
400.0,80132 Tucker Forest,Eric,22.0,14.6,13.0,16.554999999999993
400.0,33387 Robert Harbors Suite 317,Brian,15.0,14.6,13.0,16.554999999999993
410.0,26064 Mitchell Square Suite 234,Alexandra,24.0,13.8,11.27375,15.988749999999987
410.0,81219 Emma Freeway,Tanya,22.0,13.8,11.27375,15.988749999999987
410.0,98050 Breanna Parkway,Melissa,18.0,13.8,11.27375,15.988749999999987
420.0,33387 Robert Harbors Suite 317,Joe,21.0,15.166666666666666,12.866666666666665,18.250833333333333
410.0,80132 Tucker Forest,Brian,9.0,13.8,11.27375,15.988749999999987
430.0,81219 Emma Freeway,Wendy,15.0,14.4,12.2,15.73333333333333
430.0,26064 Mitchell Square Suite 234,Emma,13.0,14.4,12.2,15.73333333333333
430.0,80132 Tucker Forest,Brian,19.0,14.4,12.2,15.73333333333333
440.0,98050 Breanna Parkway,James,18.0,14.866666666666669,11.974583333333333,18.85
450.0,33387 Robert Harbors Suite 317,Susan,22.0,16.066666666666666,14.666666666666666,17.934999999999995
440.0,26064 Mitchell Square Suite 234,Melissa,14.0,14.866666666666669,11.974583333333333,18.85
450.0,81219 Emma Freeway,Alexandra,17.0,16.066666666666666,14.666666666666666,17.934999999999995
440.0,80132 Tucker Forest,Brian,9.0,14.866666666666669,11.974583333333333,18.85
440.0,98050 Breanna Parkway,Joe,6.0,14.866666666666669,11.974583333333333,18.85
460.0,26064 Mitchell Square Suite 234,Kevin,14.0,14.66,12.44,16.7
460.0,98050 Breanna Parkway,Wendy,19.0,14.66,12.44,16.7
470.0,80132 Tucker Forest,Tanya,23.0,15.15,11.67375,18.35
460.0,33387 Robert Harbors Suite 317,Brian,12.0,14.66,12.44,16.7
470.0,81219 Emma Freeway,Joe,19.0,15.15,11.67375,18.35
480.0,26064 Mitchell Square Suite 234,Melissa,19.0,12.166666666666666,10.799999999999999,13.7
470.0,33387 Robert Harbors Suite 317,Charles,12.0,15.15,11.67375,18.35
480.0,98050 Breanna Parkway,Brian,13.0,12.166666666666666,10.799999999999999,13.7
480.0,80132 Tucker Forest,Alexandra,7.0,12.166666666666666,10.799999999999999,13.7
490.0,81219 Emma Freeway,Emma,17.0,15.25,13.5,17.0
490.0,33387 Robert Harbors Suite 317,Kevin,16.0,15.25,13.5,17.0
490.0,80132 Tucker Forest,James,15.0,15.25,13.5,17.0
490.0,98050 Breanna Parkway,Alexandra,6.0,15.25,13.5,17.0
